Matric,Timeslot
A0208795N,FRI 9AM-10AM
A0210841U,THU 11AM-12PM
A0225809Y,THU 10AM-11AM
A0226485X,THU 2PM-3PM
A0231125X,THU 10AM-11AM
A0242274J,FRI 3PM-4PM
A0244763Y,FRI 2PM-3PM
A0245908W,THU 3PM-4PM
A0252901M,THU 10AM-11AM
A0264779H,THU 1PM-2PM
A0265832Y,THU 2PM-3PM
A0265888A,THU 1PM-2PM
A0269208X,FRI 12PM-1PM
A0270520U,THU 12PM-1PM
A0272074H,FRI 12PM-1PM
A0272123R,THU 2PM-3PM
A0273177X,THU 3PM-4PM
A0273206L,THU 2PM-3PM
A0273291A,THU 3PM-4PM
A0273532H,THU 2PM-3PM
A0276157W,THU 2PM-3PM
A0277373U,FRI 12PM-1PM
A0277988W,THU 12PM-1PM
A0278106A,THU 3PM-4PM
A0278124A,THU 2PM-3PM
A0281667R,FRI 3PM-4PM
A0281903E,THU 11AM-12PM
A0282336A,FRI 2PM-3PM
A0286456N,THU 10AM-11AM
A0287722W,FRI 1PM-2PM
A0287733R,THU 4PM-5PM
A0288518M,THU 11AM-12PM
A0288551U,THU 3PM-4PM
A0291585R,THU 12PM-1PM
A0291590Y,FRI 2PM-3PM
A0291595N,FRI 3PM-4PM
A0291597L,THU 1PM-2PM
A0291601M,THU 4PM-5PM
A0291603J,THU 9AM-10AM
A0291604H,THU 1PM-2PM
A0291623E,THU 11AM-12PM
A0291627X,THU 2PM-3PM
A0291628W,THU 9AM-10AM
A0291629U,FRI 10AM-11AM
A0291630J,THU 2PM-3PM
A0291632E,FRI 11AM-12PM
A0291633A,FRI 10AM-11AM
A0291707Y,THU 2PM-3PM
A0291708X,THU 2PM-3PM
A0291731E,THU 11AM-12PM
A0291732A,THU 10AM-11AM
A0291733B,THU 1PM-2PM
A0291743Y,THU 12PM-1PM
A0291769J,FRI 10AM-11AM
A0291772W,FRI 10AM-11AM
A0291773U,THU 4PM-5PM
A0291780X,FRI 2PM-3PM
A0291783R,FRI 12PM-1PM
A0291787J,THU 2PM-3PM
A0291874N,FRI 2PM-3PM
A0291879E,FRI 1PM-2PM
A0291895J,THU 1PM-2PM
A0291899B,THU 10AM-11AM
A0291902E,FRI 3PM-4PM
A0291976J,FRI 11AM-12PM
A0291978E,THU 12PM-1PM
A0291979A,FRI 1PM-2PM
A0291983M,FRI 1PM-2PM
A0291985J,THU 9AM-10AM
A0291986H,THU 1PM-2PM
A0291987E,FRI 1PM-2PM
A0292006M,THU 9AM-10AM
A0292009H,FRI 1PM-2PM
A0292013R,THU 9AM-10AM
A0292014N,THU 9AM-10AM
A0292017J,FRI 11AM-12PM
A0292018H,THU 9AM-10AM
A0292027H,THU 1PM-2PM
A0292030U,THU 11AM-12PM
A0292031R,FRI 1PM-2PM
A0292049Y,THU 10AM-11AM
A0292050N,THU 10AM-11AM
A0292052L,FRI 11AM-12PM
A0292055E,THU 11AM-12PM
A0292056A,THU 9AM-10AM
A0292060M,THU 12PM-1PM
A0292066B,THU 12PM-1PM
A0292067Y,FRI 11AM-12PM
A0292071J,THU 9AM-10AM
A0292080J,FRI 9AM-10AM
A0292095X,FRI 11AM-12PM
A0292106L,FRI 12PM-1PM
A0292107J,THU 2PM-3PM
A0292160L,FRI 9AM-10AM
A0292565U,FRI 1PM-2PM
A0292688H,THU 11AM-12PM
A0299729B,THU 12PM-1PM
A0299743J,THU 9AM-10AM
A0299761J,THU 4PM-5PM
A0299762H,THU 10AM-11AM
A0299768W,THU 9AM-10AM
A0299771H,THU 9AM-10AM
A0299791A,THU 2PM-3PM
A0299806J,THU 10AM-11AM
A0299817E,FRI 10AM-11AM
A0299828B,THU 2PM-3PM
A0299829Y,THU 11AM-12PM
A0299832L,THU 9AM-10AM
A0299837B,THU 9AM-10AM
A0299840M,THU 12PM-1PM
A0299844E,THU 3PM-4PM
A0299870H,THU 12PM-1PM
A0299876W,FRI 9AM-10AM
A0299890A,THU 2PM-3PM
A0299905J,THU 12PM-1PM
A0299935A,THU 10AM-11AM
A0299936B,THU 1PM-2PM
A0299940L,THU 9AM-10AM
A0299942H,THU 11AM-12PM
A0299948W,THU 2PM-3PM
A0299951H,THU 11AM-12PM
A0299959R,THU 12PM-1PM
A0300007E,THU 10AM-11AM
A0300020N,THU 3PM-4PM
A0300021M,THU 1PM-2PM
A0300025E,THU 5PM-6PM
A0300034E,THU 2PM-3PM
A0300037Y,THU 1PM-2PM
A0300049U,THU 10AM-11AM
A0300057W,THU 3PM-4PM
A0300064Y,FRI 10AM-11AM
A0300066W,FRI 1PM-2PM
A0300075W,FRI 11AM-12PM
A0300089L,THU 11AM-12PM
A0300095R,FRI 10AM-11AM
A0300102M,THU 9AM-10AM
A0300133E,FRI 2PM-3PM
A0300145Y,THU 9AM-10AM
A0300154Y,FRI 3PM-4PM
A0300163Y,THU 10AM-11AM
A0300190Y,FRI 1PM-2PM
A0300192W,FRI 9AM-10AM
A0300217Y,THU 2PM-3PM
A0300221J,THU 4PM-5PM
A0300224A,THU 4PM-5PM
A0300252B,THU 4PM-5PM
A0300263X,THU 4PM-5PM
A0300272X,THU 1PM-2PM
A0300281X,FRI 1PM-2PM
A0300292U,FRI 10AM-11AM
A0300295M,FRI 12PM-1PM
A0300303H,THU 5PM-6PM
A0300322E,THU 3PM-4PM
A0300325Y,FRI 2PM-3PM
A0300332A,FRI 11AM-12PM
A0300364U,THU 2PM-3PM
A0300366N,THU 5PM-6PM
A0300397H,THU 3PM-4PM
A0300401J,FRI 3PM-4PM
A0300413A,FRI 12PM-1PM
A0300417W,THU 1PM-2PM
A0300426W,THU 11AM-12PM
A0300459J,THU 9AM-10AM
A0300506X,THU 12PM-1PM
A0300518R,THU 11AM-12PM
A0300528N,THU 3PM-4PM
A0300540B,THU 11AM-12PM
A0300544U,FRI 11AM-12PM
A0300596E,FRI 11AM-12PM
A0300641X,THU 4PM-5PM
A0300644R,THU 2PM-3PM
A0300652U,FRI 10AM-11AM
A0300661U,THU 1PM-2PM
A0300687A,THU 12PM-1PM
A0300696A,THU 4PM-5PM
A0300705W,THU 11AM-12PM
A0300711B,THU 2PM-3PM
A0300712Y,THU 2PM-3PM
A0300726N,FRI 9AM-10AM
A0300743R,THU 10AM-11AM
A0300755L,THU 10AM-11AM
A0300761R,THU 4PM-5PM
A0300786A,THU 10AM-11AM
A0300791L,THU 4PM-5PM
A0300799W,THU 3PM-4PM
A0300816N,FRI 2PM-3PM
A0300850U,THU 9AM-10AM
A0300858A,THU 9AM-10AM
A0300891J,THU 3PM-4PM
A0300960N,THU 9AM-10AM
A0301004J,THU 1PM-2PM
A0301021L,THU 1PM-2PM
A0301033E,THU 4PM-5PM
A0301047W,THU 3PM-4PM
A0301063Y,FRI 3PM-4PM
A0301066U,THU 10AM-11AM
A0301076R,THU 2PM-3PM
A0301095N,THU 12PM-1PM
A0301102L,THU 1PM-2PM
A0301126Y,THU 11AM-12PM
A0301145X,THU 10AM-11AM
A0301185N,THU 11AM-12PM
A0301193R,FRI 9AM-10AM
A0301200M,FRI 2PM-3PM
A0301205A,THU 12PM-1PM
A0301207Y,THU 2PM-3PM
A0301219U,THU 12PM-1PM
A0301239N,THU 12PM-1PM
A0301344W,THU 9AM-10AM
A0301385L,THU 12PM-1PM
A0301419N,FRI 9AM-10AM
A0301430A,FRI 1PM-2PM
A0301436R,FRI 11AM-12PM
A0301463R,THU 11AM-12PM
A0301473N,FRI 12PM-1PM
A0301480U,THU 5PM-6PM
A0301493L,FRI 1PM-2PM
A0301497A,THU 3PM-4PM
A0301501E,THU 1PM-2PM
A0301510E,THU 10AM-11AM
A0301513Y,FRI 2PM-3PM
A0301529L,FRI 1PM-2PM
A0301555M,THU 5PM-6PM
A0301562R,THU 9AM-10AM
A0301571R,THU 5PM-6PM
A0301575J,THU 2PM-3PM
A0301590N,FRI 2PM-3PM
A0301596A,THU 4PM-5PM
A0301644N,THU 12PM-1PM
A0301651U,THU 10AM-11AM
A0301816M,THU 2PM-3PM
A0301895Y,FRI 2PM-3PM
A0301907L,FRI 2PM-3PM
A0301999N,THU 3PM-4PM
A0302023E,FRI 9AM-10AM
A0302035Y,THU 2PM-3PM
A0302149M,THU 2PM-3PM
A0302216X,THU 5PM-6PM
A0302276L,THU 12PM-1PM
A0302442W,THU 2PM-3PM
A0302571N,THU 1PM-2PM
A0302574J,THU 11AM-12PM
A0302579Y,THU 5PM-6PM
A0302600A,THU 2PM-3PM
A0302608M,FRI 12PM-1PM
A0302611Y,THU 12PM-1PM
A0302612X,THU 4PM-5PM
A0302619J,FRI 3PM-4PM
A0302630X,THU 1PM-2PM
A0302631W,THU 1PM-2PM
A0302632U,FRI 10AM-11AM
A0302635M,THU 12PM-1PM
A0302638H,THU 12PM-1PM
A0302641U,FRI 3PM-4PM
A0302642R,FRI 12PM-1PM
A0302648E,FRI 12PM-1PM
A0302651R,THU 11AM-12PM
A0302662M,THU 10AM-11AM
A0302673J,THU 1PM-2PM
A0302687Y,THU 9AM-10AM
A0302794B,FRI 10AM-11AM
A0302802W,FRI 10AM-11AM
A0302803U,THU 3PM-4PM
A0302804R,FRI 9AM-10AM
A0302810X,FRI 2PM-3PM
A0302814N,THU 9AM-10AM
A0302897U,THU 3PM-4PM
A0302899N,THU 1PM-2PM
A0302905M,THU 4PM-5PM
A0302913N,FRI 11AM-12PM
A0302919A,THU 5PM-6PM
A0302927E,THU 5PM-6PM
A0302935H,THU 11AM-12PM
A0302939Y,THU 5PM-6PM
A0302968W,THU 9AM-10AM
A0302976X,THU 12PM-1PM
A0302983B,THU 10AM-11AM
A0302987U,FRI 1PM-2PM
A0303012H,THU 4PM-5PM
A0303014A,THU 3PM-4PM
A0303017X,FRI 12PM-1PM
A0303028U,THU 5PM-6PM
A0303035X,THU 12PM-1PM
A0303043Y,THU 2PM-3PM
A0303044X,FRI 12PM-1PM
A0303046U,THU 10AM-11AM
A0303065R,THU 10AM-11AM
A0303072W,THU 2PM-3PM
A0303083R,THU 11AM-12PM
A0303148M,FRI 2PM-3PM
A0303149L,THU 1PM-2PM
A0303153W,THU 3PM-4PM
A0303162W,THU 12PM-1PM
A0303210H,THU 9AM-10AM
A0303223Y,THU 9AM-10AM
A0303232Y,THU 3PM-4PM
A0303234W,THU 10AM-11AM
A0303242X,FRI 10AM-11AM
A0303243W,THU 5PM-6PM
A0303255N,THU 2PM-3PM
A0303267J,THU 10AM-11AM
A0303301E,FRI 11AM-12PM
A0305508J,FRI 11AM-12PM
A0305533M,THU 9AM-10AM
A0305552L,THU 11AM-12PM
A0305554H,FRI 2PM-3PM
A0305574A,FRI 2PM-3PM
A0305576Y,THU 9AM-10AM
A0305577X,FRI 10AM-11AM
A0305582E,FRI 12PM-1PM
A0305588U,THU 12PM-1PM
A0305592A,FRI 3PM-4PM
A0305606L,FRI 9AM-10AM
A0305613N,FRI 9AM-10AM
A0305622N,FRI 12PM-1PM
A0305633L,FRI 3PM-4PM
A0305648Y,THU 3PM-4PM
A0305652J,THU 11AM-12PM
A0305666Y,FRI 3PM-4PM
A0305667X,THU 2PM-3PM
A0305674B,THU 11AM-12PM
A0305688R,THU 11AM-12PM
A0305690E,THU 5PM-6PM
A0305701U,FRI 9AM-10AM
A0305725H,THU 12PM-1PM
A0305728B,THU 1PM-2PM
A0305745A,FRI 12PM-1PM
A0305749W,THU 10AM-11AM
A0305756Y,THU 9AM-10AM
A0305759U,THU 2PM-3PM
A0305763A,THU 10AM-11AM
A0305772A,THU 12PM-1PM
A0305780E,THU 12PM-1PM
A0305789M,FRI 3PM-4PM
A0305790A,THU 3PM-4PM
A0305793X,THU 2PM-3PM
A0305796R,THU 1PM-2PM
A0305804L,FRI 11AM-12PM
A0305806H,FRI 9AM-10AM
A0305807E,FRI 11AM-12PM
A0305811N,THU 1PM-2PM
A0305822L,THU 9AM-10AM
A0305826A,THU 1PM-2PM
A0305827B,THU 9AM-10AM
A0305840L,THU 3PM-4PM
A0305841J,THU 2PM-3PM
A0305847X,THU 3PM-4PM
A0305849U,THU 10AM-11AM
A0305857W,THU 9AM-10AM
A0305867U,FRI 10AM-11AM
A0305891Y,THU 9AM-10AM
A0305892X,FRI 2PM-3PM
A0305896N,THU 12PM-1PM
A0305932H,THU 10AM-11AM
A0305933E,THU 9AM-10AM
A0305949R,THU 1PM-2PM
A0305963Y,FRI 11AM-12PM
A0305969M,THU 10AM-11AM
A0305985R,FRI 12PM-1PM
A0305989J,THU 3PM-4PM
A0305992W,THU 11AM-12PM
A0306202Y,THU 2PM-3PM
A0306205U,THU 3PM-4PM
A0306734E,FRI 11AM-12PM
A0306736B,THU 10AM-11AM
A0306741J,FRI 9AM-10AM
A0306743E,FRI 2PM-3PM
A0306753A,THU 12PM-1PM
A0306756X,THU 1PM-2PM
A0306762A,THU 4PM-5PM
A0306765X,FRI 1PM-2PM
A0306785U,THU 10AM-11AM
A0306790B,THU 9AM-10AM
A0306812L,THU 11AM-12PM
A0306814H,FRI 1PM-2PM
A0306816A,THU 1PM-2PM
A0306823H,THU 3PM-4PM
A0306831J,FRI 1PM-2PM
A0306832H,THU 10AM-11AM
A0306842E,THU 9AM-10AM
A0306845Y,THU 12PM-1PM
A0306850H,THU 12PM-1PM
A0306858R,THU 3PM-4PM
A0306868N,THU 2PM-3PM
A0306874W,THU 9AM-10AM
A0306884U,THU 10AM-11AM
A0306889J,THU 10AM-11AM
A0306929U,THU 11AM-12PM
A0306930J,THU 12PM-1PM
A0306942A,FRI 9AM-10AM
A0306943B,THU 1PM-2PM
A0306953Y,THU 2PM-3PM
A0306955W,THU 3PM-4PM
A0307052R,FRI 9AM-10AM
A0307067E,THU 3PM-4PM
A0307072M,THU 4PM-5PM
A0307089X,THU 2PM-3PM
A0307092J,FRI 2PM-3PM
A0307136L,THU 2PM-3PM
A0307142R,THU 12PM-1PM
A0307349Y,THU 4PM-5PM
A0307352L,THU 9AM-10AM
A0307356A,FRI 2PM-3PM
A0307359X,FRI 1PM-2PM
A0307362J,FRI 9AM-10AM
A0307366B,THU 2PM-3PM
A0307367Y,FRI 12PM-1PM
A0307371J,FRI 12PM-1PM
A0307377X,FRI 11AM-12PM
A0307379U,THU 1PM-2PM
A0307380J,THU 4PM-5PM
A0307382E,THU 3PM-4PM
A0307383A,FRI 12PM-1PM
A0307390H,THU 1PM-2PM
A0307394Y,THU 3PM-4PM
A0307406L,THU 5PM-6PM
A0307417H,FRI 12PM-1PM
A0307423M,FRI 10AM-11AM
A0307427E,THU 3PM-4PM
A0307428A,FRI 10AM-11AM
A0307430R,THU 12PM-1PM
A0307439Y,FRI 1PM-2PM
A0307455A,THU 10AM-11AM
A0307458X,THU 1PM-2PM
A0307464A,FRI 1PM-2PM
A0307471H,FRI 9AM-10AM
A0307487U,THU 12PM-1PM
A0307493Y,THU 3PM-4PM
A0307507H,THU 4PM-5PM
A0307516H,THU 3PM-4PM
A0307520R,THU 12PM-1PM
A0307525H,THU 10AM-11AM
A0307527A,THU 11AM-12PM
A0307533J,FRI 2PM-3PM
A0307571E,THU 3PM-4PM
A0307574Y,THU 1PM-2PM
A0307578R,THU 4PM-5PM
A0307581A,FRI 11AM-12PM
A0307588N,FRI 2PM-3PM
A0307591B,THU 11AM-12PM
A0307602N,THU 4PM-5PM
A0307606H,THU 2PM-3PM
A0307620N,FRI 12PM-1PM
A0307625E,THU 3PM-4PM
A0307628Y,THU 1PM-2PM
A0307630M,THU 4PM-5PM
A0307655Y,THU 1PM-2PM
A0307667U,THU 12PM-1PM
A0307671A,THU 10AM-11AM
A0307674X,THU 5PM-6PM
A0307678N,THU 3PM-4PM
A0307689L,THU 11AM-12PM
A0307692X,FRI 9AM-10AM
A0307707A,FRI 3PM-4PM
A0307709Y,FRI 11AM-12PM
A0307719X,THU 2PM-3PM
A0307721L,THU 11AM-12PM
A0307722J,FRI 1PM-2PM
A0307723H,THU 12PM-1PM
A0307724E,THU 10AM-11AM
A0307736Y,THU 11AM-12PM
A0307754Y,THU 3PM-4PM
A0307760E,THU 11AM-12PM
A0307767R,THU 4PM-5PM
A0307772Y,THU 3PM-4PM
A0307788L,THU 10AM-11AM
A0307797L,FRI 10AM-11AM
A0307799H,FRI 2PM-3PM
A0307803J,FRI 10AM-11AM
A0307809X,THU 9AM-10AM
A0307810M,THU 3PM-4PM
A0307813H,FRI 10AM-11AM
A0307817Y,FRI 10AM-11AM
A0307819W,THU 11AM-12PM
A0307821J,THU 11AM-12PM
A0307826Y,THU 11AM-12PM
A0307853Y,THU 10AM-11AM
A0307856U,FRI 9AM-10AM
A0307863X,THU 12PM-1PM
A0307864W,FRI 11AM-12PM
A0307869L,THU 9AM-10AM
A0307870B,THU 12PM-1PM
A0307871Y,FRI 12PM-1PM
A0307874U,THU 12PM-1PM
A0307885N,FRI 10AM-11AM
A0307889H,THU 10AM-11AM
A0307897J,THU 2PM-3PM
A0307910L,THU 1PM-2PM
A0307912H,THU 1PM-2PM
A0307915B,FRI 9AM-10AM
A0307917X,FRI 12PM-1PM
A0307920J,FRI 11AM-12PM
A0307922E,FRI 11AM-12PM
A0307923A,FRI 9AM-10AM
A0307927W,FRI 11AM-12PM
A0307929R,THU 1PM-2PM
A0307933B,THU 5PM-6PM
A0307947R,THU 3PM-4PM
A0307949M,THU 11AM-12PM
A0307954W,THU 1PM-2PM
A0307958M,FRI 12PM-1PM
A0307960B,THU 1PM-2PM
A0307966N,THU 1PM-2PM
A0307970Y,THU 10AM-11AM
A0307971X,THU 1PM-2PM
A0307974R,THU 12PM-1PM
A0307978J,THU 11AM-12PM
A0307986L,THU 5PM-6PM
A0307988H,THU 2PM-3PM
A0307992R,THU 12PM-1PM
A0307998E,FRI 10AM-11AM
A0308012X,THU 9AM-10AM
A0308021X,THU 1PM-2PM
A0308026M,THU 4PM-5PM
A0308045L,THU 1PM-2PM
A0308047H,THU 9AM-10AM
A0308051R,FRI 9AM-10AM
A0308052N,FRI 1PM-2PM
A0308053M,THU 1PM-2PM
A0308066E,THU 11AM-12PM
A0308067A,THU 3PM-4PM
A0308068B,THU 5PM-6PM
A0308072L,FRI 12PM-1PM
A0308087Y,THU 2PM-3PM
A0308109J,THU 9AM-10AM
A0308114R,THU 1PM-2PM
A0308129E,THU 3PM-4PM
A0308139A,FRI 11AM-12PM
A0308142N,FRI 1PM-2PM
A0308144L,FRI 3PM-4PM
A0308147E,THU 11AM-12PM
A0308148A,THU 9AM-10AM
A0308150R,FRI 3PM-4PM
A0308151N,FRI 11AM-12PM
A0308152M,THU 2PM-3PM
A0308153L,THU 9AM-10AM
A0308154J,THU 11AM-12PM
A0308165E,THU 9AM-10AM
A0308171L,FRI 2PM-3PM
A0308173H,FRI 11AM-12PM
A0308182H,THU 10AM-11AM
A0308183E,THU 4PM-5PM
A0308197W,THU 9AM-10AM
A0308199R,THU 1PM-2PM
A0308200Y,THU 3PM-4PM
A0308203U,THU 11AM-12PM
A0308206M,FRI 1PM-2PM
A0308209H,THU 3PM-4PM
A0308216L,THU 11AM-12PM
A0308220W,FRI 3PM-4PM
A0308224M,THU 3PM-4PM
A0308225L,THU 12PM-1PM
A0308231R,THU 10AM-11AM
A0308246E,THU 10AM-11AM
A0308249Y,THU 2PM-3PM
A0308251M,THU 10AM-11AM
A0308256A,THU 5PM-6PM
A0308283A,THU 3PM-4PM
A0308300X,FRI 12PM-1PM
A0308305M,THU 1PM-2PM
A0308312R,THU 1PM-2PM
A0308331N,FRI 10AM-11AM
A0308345E,FRI 12PM-1PM
A0308351L,THU 12PM-1PM
A0308356B,FRI 12PM-1PM
A0308357Y,THU 12PM-1PM
A0308370J,THU 1PM-2PM
A0308375Y,THU 2PM-3PM
A0308376X,THU 11AM-12PM
A0308380H,THU 2PM-3PM
A0308382A,THU 3PM-4PM
A0308383B,FRI 1PM-2PM
A0308393Y,THU 11AM-12PM
A0308401U,THU 12PM-1PM
A0308411R,THU 12PM-1PM
A0308434H,FRI 11AM-12PM
A0308436A,FRI 11AM-12PM
A0308445A,THU 10AM-11AM
A0308467W,THU 12PM-1PM
A0308469R,THU 11AM-12PM
A0308506H,FRI 10AM-11AM
A0308572B,THU 3PM-4PM
A0308590B,THU 11AM-12PM
A0308595R,FRI 9AM-10AM
A0308630L,THU 3PM-4PM
A0308645Y,THU 10AM-11AM
A0308652A,THU 5PM-6PM
A0308656W,THU 9AM-10AM
A0308658R,THU 1PM-2PM
A0308675U,THU 9AM-10AM
A0308679L,THU 3PM-4PM
A0308685R,FRI 2PM-3PM
A0308689J,THU 1PM-2PM
A0308691X,FRI 9AM-10AM
A0308700N,FRI 1PM-2PM
A0308701M,THU 3PM-4PM
A0308702L,THU 5PM-6PM
A0308704H,FRI 3PM-4PM
A0308705E,FRI 9AM-10AM
A0308707B,THU 5PM-6PM
A0308709X,THU 2PM-3PM
A0308715A,THU 2PM-3PM
A0308718X,THU 2PM-3PM
A0308720L,THU 1PM-2PM
A0308730J,THU 4PM-5PM
A0308732E,THU 12PM-1PM
A0308739R,THU 1PM-2PM
A0308755W,THU 12PM-1PM
A0308766R,FRI 10AM-11AM
A0308776N,THU 3PM-4PM
A0308779J,FRI 10AM-11AM
A0308780Y,THU 11AM-12PM
A0308784R,FRI 11AM-12PM
A0308785N,THU 10AM-11AM
A0308786M,THU 3PM-4PM
A0308788J,THU 12PM-1PM
A0308789H,THU 12PM-1PM
A0308797J,THU 11AM-12PM
A0308798H,THU 3PM-4PM
A0308802J,THU 12PM-1PM
A0308806B,FRI 3PM-4PM
A0308809W,THU 11AM-12PM
A0308811J,THU 9AM-10AM
A0308868L,THU 10AM-11AM
A0308869J,THU 11AM-12PM
A0308871X,THU 11AM-12PM
A0308873U,THU 3PM-4PM
A0308875N,THU 3PM-4PM
A0308881W,FRI 2PM-3PM
A0308884N,THU 3PM-4PM
A0308893N,THU 9AM-10AM
A0308897H,THU 5PM-6PM
A0308898E,THU 10AM-11AM
A0308900L,THU 1PM-2PM
A0308914B,THU 9AM-10AM
A0308917W,THU 2PM-3PM
A0308918U,THU 9AM-10AM
A0308923B,THU 10AM-11AM
A0308924Y,THU 10AM-11AM
A0308925X,THU 5PM-6PM
A0308941B,THU 10AM-11AM
A0308952X,FRI 3PM-4PM
A0308960Y,FRI 3PM-4PM
A0308962W,THU 4PM-5PM
A0308968J,THU 2PM-3PM
A0308969H,FRI 2PM-3PM
A0308974N,THU 1PM-2PM
A0308976L,THU 2PM-3PM
A0308977J,THU 12PM-1PM
A0308983N,FRI 1PM-2PM
A0308985L,THU 10AM-11AM
A0308995J,THU 2PM-3PM
A0308999B,FRI 3PM-4PM
A0309000B,FRI 3PM-4PM
A0309004U,FRI 9AM-10AM
A0309005R,THU 10AM-11AM
A0309012W,FRI 11AM-12PM
A0309018J,THU 3PM-4PM
A0309021W,FRI 10AM-11AM
A0309022U,THU 5PM-6PM
A0309043M,THU 12PM-1PM
A0309044L,THU 5PM-6PM
A0309048A,THU 3PM-4PM
A0309067B,FRI 2PM-3PM
A0309068Y,THU 3PM-4PM
A0309070M,FRI 1PM-2PM
A0309076B,THU 1PM-2PM
A0309077Y,THU 11AM-12PM
A0309080L,THU 2PM-3PM
A0309081J,THU 9AM-10AM
A0309082H,FRI 3PM-4PM
A0309085B,THU 10AM-11AM
A0309086Y,THU 1PM-2PM
A0309092E,FRI 10AM-11AM
A0309093A,THU 3PM-4PM
A0309094B,FRI 3PM-4PM
A0309103U,FRI 3PM-4PM
A0309104R,FRI 2PM-3PM
A0309108J,THU 9AM-10AM
A0309115M,THU 5PM-6PM
A0309116L,THU 10AM-11AM
A0309122R,THU 11AM-12PM
A0309127H,FRI 3PM-4PM
A0309138A,THU 2PM-3PM
A0309143L,THU 9AM-10AM
A0309145H,THU 2PM-3PM
A0309146E,THU 2PM-3PM
A0309147A,THU 10AM-11AM
A0309148B,THU 12PM-1PM
A0309152L,THU 11AM-12PM
A0309153J,THU 11AM-12PM
A0309154H,THU 3PM-4PM
A0309160M,THU 5PM-6PM
A0309161L,THU 10AM-11AM
A0309162J,FRI 2PM-3PM
A0309166B,THU 9AM-10AM
A0309172H,THU 2PM-3PM
A0309173E,THU 3PM-4PM
A0309174A,THU 3PM-4PM
A0309175B,FRI 10AM-11AM
A0309176Y,THU 5PM-6PM
A0309182E,THU 2PM-3PM
A0309206L,FRI 3PM-4PM
A0309207J,THU 10AM-11AM
A0309209E,FRI 12PM-1PM
A0309210W,THU 4PM-5PM
A0309212R,FRI 2PM-3PM
A0309214M,THU 1PM-2PM
A0309215L,THU 11AM-12PM
A0309219A,FRI 9AM-10AM
A0309225J,THU 12PM-1PM
A0309229B,FRI 1PM-2PM
A0309230R,FRI 3PM-4PM
A0309236E,THU 10AM-11AM
A0309241M,THU 12PM-1PM
A0309246A,FRI 2PM-3PM
A0309247B,THU 1PM-2PM
A0309249X,THU 11AM-12PM
A0309250M,THU 4PM-5PM
A0309260L,THU 11AM-12PM
A0309277W,FRI 11AM-12PM
A0309282A,THU 5PM-6PM
A0309291A,THU 10AM-11AM
A0309313M,THU 1PM-2PM
A0309314L,FRI 12PM-1PM
A0309324J,THU 3PM-4PM
A0309330N,FRI 12PM-1PM
A0309331M,THU 3PM-4PM
A0309334H,THU 3PM-4PM
A0309342J,FRI 10AM-11AM
A0309347Y,THU 5PM-6PM
A0309349W,THU 11AM-12PM
A0309353E,THU 9AM-10AM
A0309356Y,THU 9AM-10AM
A0309359U,FRI 3PM-4PM
A0309476U,THU 5PM-6PM
A0309552A,THU 12PM-1PM
A0309582X,FRI 12PM-1PM
A0309595N,THU 12PM-1PM
A0310212H,FRI 9AM-10AM
A0310258M,THU 10AM-11AM
A0310264U,THU 2PM-3PM
A0310290W,FRI 2PM-3PM
A0310318U,THU 11AM-12PM
A0310324Y,FRI 11AM-12PM
A0310325X,THU 9AM-10AM
A0310470W,THU 12PM-1PM
A0310585H,THU 1PM-2PM
A0310592L,FRI 3PM-4PM
A0310618M,THU 1PM-2PM
A0310628L,FRI 10AM-11AM
A0310630Y,FRI 10AM-11AM
A0310655L,FRI 9AM-10AM
A0310918H,THU 11AM-12PM
A0310920W,THU 11AM-12PM
A0310921U,THU 11AM-12PM
A0311086M,THU 12PM-1PM
A0311096L,THU 4PM-5PM
A0311112H,THU 9AM-10AM
A0311120J,FRI 1PM-2PM
A0311123A,THU 1PM-2PM
A0311136W,THU 5PM-6PM
A0311151B,FRI 10AM-11AM
A0311168L,THU 12PM-1PM
A0311657E,THU 9AM-10AM
A0311660R,THU 1PM-2PM
A0311666E,FRI 9AM-10AM
A0311686B,THU 9AM-10AM
A0311688X,FRI 2PM-3PM
A0311699U,FRI 12PM-1PM
A0311766A,FRI 9AM-10AM
A0311767B,FRI 3PM-4PM
A0311768Y,FRI 9AM-10AM
A0311769X,THU 12PM-1PM
A0311770M,FRI 1PM-2PM
A0311771L,THU 9AM-10AM
A0311772J,THU 2PM-3PM
A0311774E,THU 2PM-3PM
A0311775A,FRI 1PM-2PM
A0311777Y,FRI 9AM-10AM
A0311780L,THU 9AM-10AM
A0311782H,FRI 10AM-11AM
A0311788W,THU 1PM-2PM
A0311795Y,THU 4PM-5PM
A0311800Y,FRI 3PM-4PM
A0311870L,THU 9AM-10AM
A0311874A,THU 10AM-11AM
A0311876Y,THU 4PM-5PM
A0311877X,FRI 11AM-12PM
A0311887W,THU 10AM-11AM
A0311889R,THU 11AM-12PM
A0311890H,FRI 1PM-2PM
A0311892A,THU 12PM-1PM
A0311921R,THU 10AM-11AM
A0312021H,FRI 3PM-4PM
A0312024B,THU 5PM-6PM
A0312063W,THU 2PM-3PM
A0312075N,FRI 1PM-2PM
A0312101J,THU 11AM-12PM
A0312130E,THU 1PM-2PM
A0312147N,THU 9AM-10AM
A0312213B,FRI 3PM-4PM
A0312269E,FRI 12PM-1PM
A0312292M,THU 11AM-12PM
A0312333W,THU 9AM-10AM
